Substack Handle,Author,Newsletter Name,Website URL,Category,Collections
datacated,Kate Strachnyi,Running DATAcated,https://datacated.substack.com,Data & Analytics,SWAI
suzitravis,Suzi Travis,When Life Gives You a Brain,https://suzitravis.substack.com,Technology,SWAI
aibrews,Mariam,AI Brews,https://aibrews.substack.com,AI & Machine Learning,SWAI
gshao,Grace Shao,AI Proem,https://aiproem.substack.com,AI & Machine Learning,SWAI
ravitdotan,Ravit Dotan,The AI Ethics Treasure Chest,https://techbetter.substack.com,Ethics & Society,SWAI
luizajarovsky,"Luiza Jarovsky, PhD",Luiza's Newsletter,https://luizasnewsletter.substack.com,Ethics & Society,SWAI
aisimplifiedforleaders,Joyce Li,AI Simplified for Leaders,https://aisimplifiedforleaders.substack.com,AI & Machine Learning,SWAI
amandango,Amanda,Fractal Cafe,https://amandango.substack.com,AI & Machine Learning,SWAI
theaigirl,Diana Dovgopol,The AI Girl,https://theaigirl.substack.com,AI & Machine Learning,SWAI
jessleao,Jess Le√£o,AI Pioneers at Work,https://jessleao.substack.com,Career & Leadership,SWAI
bigbets,Alice Newton Rex,Big Bets,https://bigbets.substack.com,AI & Machine Learning,SWAI
michellenie,Michelle Nie,Michelle‚Äôs Substack,https://michellenie.substack.com,AI & Machine Learning,SWAI
drheathermroff,Dr. Heather M. Roff,The AIs of March,https://drhroff.substack.com,AI & Machine Learning,SWAI
catherinebreslin,Catherine Breslin,AI x Insights,https://aixinsights.substack.com,AI & Machine Learning,SWAI
wanderingtechnologist,Jenn Spykerman,The AI Strategy Navigator,https://wanderingtechnologist.substack.com,Business & Strategy,SWAI
coffeelike,"Steph Fuccio, Coffeelike Media",AI Is A Pencil,https://aiisapencil.substack.com,AI & Machine Learning,SWAI
kendravant,Kendra Vant,Data Runs Deep,https://kendravant.substack.com,Data & Analytics,SWAI
conversaitions,Convers(AI)tions,Convers(AI)tions,https://convers41tions.substack.com,AI & Machine Learning,SWAI
conversaitions,Convers(AI)tions,Convers(AI)tions,https://convers41tions.substack.com,AI & Machine Learning,SWAI
decision,Cassie Kozyrkov,Decision Intelligence,https://decision.substack.com,AI & Machine Learning,SWAI
poetofcode,Dr. Joy Buolamwini,Dr. Joy - Newsletter,https://poetofcode.substack.com,Ethics & Society,SWAI
helenaward,Helena Ward,The EI Network,https://theeinetwork.substack.com,Ethics & Society,SWAI
emmiehine,Emmie Hine,The Ethical Reckoner,https://ethicalreckoner.substack.com,Ethics & Society,SWAI
harshinirajachander,Harshini Rajachander,The Incoming Wave,https://4thwaverintech.substack.com,AI & Machine Learning,SWAI
lakshmiveeramani,Lakshmi Veeramani,Lakshmi's Substack,https://lakshmiveeramani.substack.com,AI & Machine Learning,SWAI
blairglaser,Blair Glaser,The Human Intelligence (HI) Stack,https://thehistack.substack.com,Ethics & Society,SWAI
oliviagambelin,Olivia Gambelin,In Pursuit of Good Tech,https://pursuitofgoodtech.substack.com,Technology,SWAI
jinghuu,Jing Hu,2nd Order Thinkers,https://jwho.substack.com,AI & Machine Learning,SWAI
marilynika,Marily Nika,Marily Nika‚Äôs AI Product Academy Newsletter,https://marily.substack.com,AI & Machine Learning,SWAI
harrisrachel,Rachel Harris,privAIcy insights,https://privaicyinsights.substack.com,Ethics & Society,SWAI
themuse,Birgitte Rasine,‚ÄúOn AI‚Äù section in The Muse,https://themuse.substack.com,AI & Machine Learning,SWAI
ceciliacallas,Cecilia Callas,RemAIning Human,https://ceciliacallas.substack.com,Ethics & Society,SWAI
emmiecampbell,Emily Campbell,The Shape of AI,https://shapeofai.substack.com,AI & Machine Learning,SWAI
sharongoldman,Sharon Goldman,AI Side Notes with Sharon Goldman,https://sharongoldman.substack.com,AI & Machine Learning,SWAI
visuallyai,Heather Cooper,Visually AI by Heather Cooper,https://heatherbcooper.substack.com,AI & Machine Learning,SWAI
karensmiley,,6 'P's in AI Pods (AI6P),https://sixpeas.substack.com,AI & Machine Learning,SWAI
karensmiley,Karen Smiley,Everyday Ethical AI,https://karensmiley.substack.com,Ethics & Society,SWAI
natalenoci,Natalia Lenoci,Natalia Lenoci,https://natalenoci.substack.com,AI & Machine Learning,SWAI
zainmasri,Zain Masri,Zain‚Äôs Substack,https://zainmasri.substack.com,AI & Machine Learning,SWAI
theinteldesk,Meaghan Gruppo,The Intel Desk,https://theinteldesk.substack.com,AI & Machine Learning,SWAI
productinaction,Marina Vytovtova,Marina@Product-in-Action Substack,https://productinaction.substack.com,AI & Machine Learning,SWAI
jdietsch,Jeanne Dietsch,Saving Humankind-ness,https://jdietsch.substack.com,Ethics & Society,SWAI
hollisrobbins,Hollis Robbins,Anecdotal Value,https://hollisrobbinsanecdotal.substack.com,AI & Machine Learning,SWAI
tess1,Tess Hilson-Greener,,,,SWAI
askalibrarian,Ask A Librarian,Ask A Librarian,https://askalibrarian.substack.com,AI & Machine Learning,SWAI
alphalyrae,Vega Shah,The Aliquot,https://thealiquot.substack.com,AI & Machine Learning,SWAI
marinatalamanou,Marina T Alamanou,MetaphysicalCells,https://marinatalamanou.substack.com,AI & Machine Learning,SWAI
amritaroy,,The Pragmatic Optimist,https://amritaroy.substack.com,AI & Machine Learning,SWAI
miablume,Mia Blume,Designing with AI,https://designingwithai.substack.com,AI & Machine Learning,SWAI
techsoda,Judy Lin ÊûóÊò≠ÂÑÄ,TechSoda,https://techsoda.substack.com,Technology,SWAI
deeplearningwiththewolf,Diana Wolf Torres,Deep Learning With The Wolf,https://dianawolftorres.substack.com,AI & Machine Learning,SWAI
aysukececi,Aysu Kececi,Road to Earth 2.0,https://roadtoearth.substack.com,Ethics & Society,SWAI
theeconomicsofhappiness,theronnicles,The Economics of Happiness,https://theeconomicsofhappiness.substack.com,AI & Machine Learning,SWAI
aizarashid,Aiza Rashid,AI With Aiza,https://theaibulletin.substack.com,AI & Machine Learning,SWAI
aliciabankhofer,Alicia Bankhofer,Create. Innovate. Educate.,https://aliciabankhofer.substack.com,Education & Learning,SWAI
barbarageyer,Barbara Geyer,KI in Lehre und Weiterbildung,https://barbarageyer.substack.com,Education & Learning,SWAI
aiguide,Melanie Mitchell,AI: A Guide for Thinking Humans,https://aiguide.substack.com,Ethics & Society,SWAI
aieducation,Claire Zau,GSV: AI & Education,https://aieducation.substack.com,Education & Learning,SWAI
vanshikagoel,Vanshika Goel,Vanshika's Newsletter,https://vanshikagoel.substack.com,AI & Machine Learning,SWAI
kseniase,Ksenia Se,Turing Post,https://turingpost.substack.com,AI & Machine Learning,SWAI
dwnaifinance,Cindy Taylor | AI & Finance‚Ñ¢,The Daily AI‚Ñ¢,https://cindytaylor.substack.com,AI & Machine Learning,SWAI
justainewsletter,Paige,Just AI - A Responsible AI Newsletter,https://thepaigelord.substack.com,Ethics & Society,SWAI
brittanywadhwani,Brittany Wadhwani,Health Bytes,https://healthtechbytes.substack.com,Health & Wellness,SWAI
ipsitachatterjee,Ipsita Chatterjee,Ipsita Chronicles,https://ipsitachatterjee.substack.com,AI & Machine Learning,SWAI
runsdata,Brinnae Bent,Spill the GPTea,https://spillthegptea.substack.com,AI & Machine Learning,SWAI
bessauer,Bess Auer,The Art of Being Human(s),https://bessauer.substack.com,Ethics & Society,SWAI
ideja,Ideja,Edvance AI,https://edvance.substack.com,Education & Learning,SWAI
aboniasojasingarayar,Abonia Sojasingarayar,Abonia Sojasingarayar,https://aboniasojasingarayar.substack.com,AI & Machine Learning,SWAI
mikikobazeley,Mikiko Bazeley,Building AI Products From Scratch,https://mikikobazeley.substack.com,AI & Machine Learning,SWAI
yourusefulnugget,Beatriz BS,Your Research Nugget,https://beatrizberd.substack.com,AI & Machine Learning,SWAI
ownyourambition,Bonnie Marcus,Own Your Ambition,https://bonniemarcus1.substack.com,Career & Leadership,SWAI
rameenmasood,Rameen Masood,Mindful Machines,https://rameenmasood.substack.com,AI & Machine Learning,SWAI
mishraprachi,Prachi Mishra,The AI PMM,https://theaipmm.substack.com,AI & Machine Learning,SWAI
privacat1,Privacat,Privacat Insights,https://insights.priva.cat/,Ethics & Society,SWAI
jennyouyang,Jenny Ouyang,Build to Launch,https://buildtolaunch.substack.com/,Product Development,SWAI
incolor,Trecia Warnholz,techRISE,https://incolor.substack.com,Ethics & Society,SWAI
katieblouin,Katie Blouin,Katie Blouin,https://katieblouin.substack.com,AI & Machine Learning,SWAI
aikicks,AI Kicks,AI Kicks,https://aikicks.substack.com,Ethics & Society,SWAI
thedatagovernanceplaybook,Charlotte Ledoux,The Data Governance Playbook,https://charlotteledoux.substack.com,Ethics & Society,SWAI
janerosenzweigwrites,Jane Rosenzweig,Writing Hacks (Writing Matters),https://writinghacks.substack.com,Writing,SWAI
janelleteng,Janelle Teng,Next Big Teng,https://nextbigteng.substack.com,AI & Machine Learning,SWAI
kristabradford,Krista Bradford,Bradford She Wrote,https://kristabradford.substack.com,Writing,SWAI
kconrad,Katie (Kathryn) Conrad,Pandora's Bot,https://kconrad.substack.com,AI & Machine Learning,SWAI
annamills,Anna Mills,Anna Mills' Substack,https://annamills.substack.com,AI & Machine Learning,SWAI
annettevee,Annette Vee,Computation & Writing,https://annettevee.substack.com,Writing,SWAI
mandyliu,Mandy Liu,Smarter Techies,https://mandyliu.substack.com,Technology,SWAI
artfish,Yennie Jun,Art Fish Intelligence,https://www.artfish.ai,Design & Creative,SWAI
paulinaszyzdek,Paulina Szyzdek / HardTech VC,Paulina's Substack,https://paulinaszyzdek.substack.com,Business & Strategy,SWAI
amydatm,Ame_data analyst,Data according to me...,https://ameikpe.substack.com,Data & Analytics,SWAI
aischoollibrarian,The Ai School Librarian,The AI School Librarian Newsletter,https://elissamalespina.substack.com,Education & Learning,SWAI
michalblochron,Michal Bloch Ron,Stanford GSB AI Research,https://stanfordgsbai.substack.com,AI & Machine Learning,SWAI
mafedebaggis,Mafe De Baggis,Story Hacking,https://storyhacking.substack.com,Writing,SWAI
tldraia,TLDR;AIA,TLDR;AIA,https://tldraiacademia.substack.com,Education & Learning,SWAI
algorithmsarepersonal,Soribel Feliz,Soribel's Substack (Algorithms Are Personal),https://soribelfeliz.substack.com,AI & Machine Learning,SWAI
helenbeetham,Helen Beetham,imperfect offerings,https://helenbeetham.substack.com,AI & Machine Learning,SWAI
ishitajaiswal631633,Ishita Jaiswal,Ankur's Newsletter,https://www.ankursnewsletter.com,AI & Machine Learning,SWAI
junkoyoshida,Junko Yoshida,Junko's Tech Probe,https://junkoyoshidaparis.substack.com,Technology,SWAI
amylbernsteinauthor,Amy L Bernstein,Doubt Monster,https://amylbernsteinauthor.substack.com,Ethics & Society,SWAI
chantalsmith,Chantal Smith,Exponential View (Azeem Azhar),https://www.exponentialview.co/,AI & Machine Learning,SWAI
thereluctantgraduate,Christine Olukere,The Reluctant Graduate,https://thereluctantgraduate.substack.com,AI & Machine Learning,SWAI
ebeshero,Elisa Beshero-Bondar,Elisa Beshero-Bondar,https://ebeshero.substack.com,AI & Machine Learning,SWAI
jordanharrod,Jordan Harrod,es machina,https://jordanharrod.substack.com,Business & Strategy,SWAI
gasgiantbee,Michelle Bee,Michelle Bee,https://michellebee75.substack.com,AI & Machine Learning,SWAI
behavioralinsight,Katarzyna Szczesna,Ethical AI & Human Behavior,https://behavioralinsight.substack.com,Ethics & Society,SWAI
aihacks,Andrea Naomi,AI Hacks,https://aihacks.substack.com,AI & Machine Learning,SWAI
aiforlawyers,Amy Swaner,AI For Lawyers,https://aiforlawyers.substack.com,Legal,SWAI
oscrai,Angelina Yang,Oscr AI,https://blog.oscr.tech/,AI & Machine Learning,SWAI
evartology,Eva Rtology,AI-power for digital ART,https://evartology.substack.com,Creative Arts,SWAI
lisannebuik,Lisanne Buik,Gracious AI Radio,https://lisannebuik.substack.com,Creative Arts,SWAI
legalethics,Renee Jefferson,Legal Ethics Roundup,https://legalethics.substack.com,Ethics & Society,SWAI
kendratech,Kendra Ramirez,AI Simplified,https://kendratech.substack.com,AI & Machine Learning,SWAI
aicoaching,Stephanie Brail - AI Coach,AI Prognosticator,https://aiprognosticator.substack.com,AI & Machine Learning,SWAI
aishwaryasrinivasan,,AI with Aish,https://aishwaryasrinivasan.substack.com,AI & Machine Learning,SWAI
sarahschoudhary,Sarah Choudhary,AI Frontier,https://qalupatra.substack.com,AI & Machine Learning,SWAI
aysekubrakuyucu,Ay≈üe K√ºbra Kuyucu,AI & Entrepreneurship,https://aysekubrakuyucu.substack.com,Business & Strategy,SWAI
aiminds,"Amy Daali, PhD",AI Minds,https://aiminds.substack.com,AI & Machine Learning,SWAI
jonnasaarinen,Jonna Saarinen,AI for sustainability,https://jonnasaarinen.substack.com,Ethics & Society,SWAI
tessax,Tessa Xie,Diving into Data,https://www.divingintodata.com,Data & Analytics,SWAI
chrischirp,Christina Pagel,"Making sense... of evidence, data, and the stories they tell
",https://christinapagel.substack.com,Data & Analytics,SWAI
chiphuyen,Chip Huyen,Chip's Substack,https://chiphuyen.substack.com,AI & Machine Learning,SWAI
karinschoefegger,Karin,"Karin's Newsletter - AI, HealthTech and more",https://karinschoefegger.substack.com,Health & Wellness,SWAI
aispark,Kavitha Hanuramlal,AI Spark - Weekly Newsletter,https://aispark.substack.com,AI & Machine Learning,SWAI
kaystoner,KayStoner,What Good is AI?,https://kaystoner.substack.com,AI & Machine Learning,SWAI
slimmermetai,Julia Loth,Slimmer Met AI,https://slimmermetai.substack.com,AI & Machine Learning,SWAI
lunaschtick,Daisy Thomas,The HITList,https://thehitlist.substack.com,AI & Machine Learning,SWAI
urszularichards,Urszula Richards,AI: From Why to Wow with Urszula Richards,https://urszularichards.substack.com,AI & Machine Learning,SWAI
sammysamica,Sam Silverman,This isn't fine,https://thisisntfine.substack.com,Ethics & Society,SWAI
cynthialane,Cynthia Lane,The AI Fusion Point,https://cynthialane.substack.com,AI & Machine Learning,SWAI
gretabujute,Greta Bujute,AI & Data Protection Digest,https://gretabujute.substack.com,Ethics & Society,SWAI
freyesaur,Freyesaur,,,,SWAI
fiona110323,Fiona Tokple,Climate x AI,https://tokplefiona.substack.com,Ethics & Society,SWAI
irishmaybellej,Irish Maybelle Jaug,AI Outsourcing Hub,https://irishmaybellej.substack.com,Business & Strategy,SWAI
haninesalman,Hanine Salman,Simplify AI,https://haninesalman.substack.com,AI & Machine Learning,SWAI
krutinshah,Krutin Shah,"Tech, AI and Beyond for Small and Medium Businesses",https://krutinshah.substack.com,Business & Strategy,SWAI
aimetelke,Elke Spinnewyn,AI met Elke,https://aimetelke.substack.com,AI & Machine Learning,SWAI
globalaiadvisors,Sarah Cornett,AI Strategist,https://scinnovate.substack.com,Business & Strategy,SWAI
aiweatherhub,Karolina Stanis≈Çawska,AI Weather Hub,https://aiweatherhub.substack.com,AI & Machine Learning,SWAI
aiparentingcompanion,Lisa Hancock,AI Parenting Companion,https://aiparentingcompanion.substack.com,Parenting & Relationships,SWAI
patrycjazarskacynk,PatrycjaZarskaCynk,,,,SWAI
eryntravis,From Aristotle to AI,From Aristotle to AI,https://eryntravis.substack.com,AI & Machine Learning,SWAI
halanelson,Hala Nelson,"AI, Data, Digital Twins, and Information",https://halanelson.substack.com,Technology,SWAI
thisjennwolfe,Jenn Wolfe,Thought Processors: The AI Writing Lab,https://thoughtprocessors.substack.com,Writing,SWAI
ethicaledgebyevie,Evie Wentink,Ethical Edge,https://ethicaledge.substack.com,Ethics & Society,SWAI
rachelkimber,Rachel Kimber,Rachel's Reflections on this AI world,https://rachelkimber.substack.com,Ethics & Society,SWAI
dorotapawlak,Dorota Pawlak,Small Biz AI,https://smallbizai.substack.com,Business & Strategy,SWAI
rujutasingh,Rujuta Singh,Field Notes on Humans by AI,https://fieldnotesonhumans.substack.com,AI & Machine Learning,SWAI
marlynnweimd,"Marlynn Wei, MD, JD",The Psychology of AI,https://psychai.substack.com,Ethics & Society,SWAI
azubko,Alexandra Zubko,Time-Saving AI Solutions for Busy Moms,https://chiefhouseholdofficer.substack.com,Parenting & Relationships,SWAI
vivedhaelango,Vivedha Elango,AI Simplified,https://vivedhaelango.substack.com,AI & Machine Learning,SWAI
professorgibson,Sarah Gibson,"AI and the Human, AI and the Kid, AI and the Professor",https://professorgibson.substack.com,Parenting & Relationships,SWAI
optimismai,Jessica Barratt,Optimism in AI,https://optimisminai.substack.com,AI & Machine Learning,SWAI
riannezweers,Rianne Zweers,AI for personal growth,https://aiforpersonalgrowth.substack.com,Education & Learning,SWAI
theailatina,Yovana Rosales,"Yovana's AI, Entrepreneur, and Self-Care Journey",https://yovanarosales.substack.com,Business & Strategy,SWAI
tipsforteachingprofessors,Breana Bayraktar,Tips for Teaching Professors,https://higheredpraxis.substack.com,Education & Learning,SWAI
xuechunhu,Xuechun Hu,AI Sogni,https://aisogni.substack.com,AI & Machine Learning,SWAI
karenonielsen,Karen O. Nielsen,The AI Mosaic,https://theaimosaic.substack.com,AI & Machine Learning,SWAI
christinahsiang,Christina Hsiang,AI Conscious,https://aiconscious.substack.com,AI & Machine Learning,SWAI
catrionakennedy,Catriona Kennedy,Thoughts on AI and Society,https://catrionakennedy.substack.com,Ethics & Society,SWAI
teckedin,Teckedin tech information hub,Teckedin's Tech-only Knowledge base ,https://teckedin.substack.com,Technology,SWAI
thedataatlasbyameena,The Data Atlas by Ameena,The Data Atlas by Ameena,https://ameena5432.substack.com,Data & Analytics,SWAI
ninaschick,Nina Schick,Industrial Intelligence: a new era for AI,https://ninaschick.substack.com,Technology,SWAI
valerieehrlichphd,"Valerie Ehrlich, PhD",The Bloom Shift,https://missionbloom.substack.com,Science & Research,SWAI
nicolehennig,Nicole Hennig,Generative AI News by Nicole Hennig,https://nicolehennig.substack.com,AI & Machine Learning,SWAI
imamiri,Ima Miri,The AI Point Edge,https://newsletter.aipoint.io/,AI & Machine Learning,SWAI
carolyncohagan,Carolyn Cohagan,This Memoir Will Be Written By Robots,https://writtenbyrobots.substack.com,AI & Machine Learning,SWAI
salomeleduc,Salom√© Leduc,Coffee AI,https://coffeeai.substack.com,AI & Machine Learning,SWAI
cristinamariani,Cristina Mariani,"AI in azienda - notizie, spunti utili e aggiornamenti ",https://cristinamariani.substack.com,AI & Machine Learning,SWAI
reneasirbu,Ren√©e A. Sirbu,"You, I, and AI",https://youiandai.substack.com,Ethics & Society,SWAI
gingerliu,Ginger Liu,GLIU AI and Visual Arts,https://gingerliu.substack.com,Creative Arts,SWAI
amberbockel,Amber Heinbockel,"Designing for Tomorrow: UX, AI, and Career",https://amberbockel.substack.com,Creative Arts,SWAI
sofiafenichell,Sofia Fenichell,How to Help Your Kids Succeed in the Age of AI,https://sofiafenichell.substack.com,Parenting & Relationships,SWAI
ursula8sciform,Ursula Maria Mayer,"AI - the Deep, the Curious, and the Fun",https://ursula8sciform.substack.com,AI & Machine Learning,SWAI
nastechai,Nas,Nas AI,https://nasai.substack.com,AI & Machine Learning,SWAI
deniseholt,Denise Holt,Spatial Web AI by Denise Holt,https://deniseholt.substack.com,AI & Machine Learning,SWAI
luisaherrmann,Luisa Herrmann,Practical AI by AINovva,https://luisaherrmann.substack.com,AI & Machine Learning,SWAI
puffinwalker,Puffinwalker,Puffinwalker's XR and AI Portal,https://puffinwalker.substack.com,AI & Machine Learning,SWAI
lmillerethicist,Laura Miller,The Lens of Authenticity,https://thelensofauthenticity.substack.com,Ethics & Society,SWAI
noeliaamoedo,Noelia Amoedo,Noel-IA's Substack,https://noeliaamoedo.substack.com,AI & Machine Learning,SWAI
leahtharin,Leah Tharin,Leah‚Äôs AI-Tea,https://aitea.substack.com,AI & Machine Learning,SWAI
giuliaspanophd,"Giulia Spano, PhD",The Scenarionist,https://www.thescenarionist.com,Business & Strategy,SWAI
jasmine,Jasmine Sun,@Jasmine,https://jasmi.news,AI & Machine Learning,SWAI
elenatosato,Elena Tosato ,Elena Tosato's Substack,https://elenatosato.substack.com,Business & Strategy,SWAI
meghnarao,Meghna Rao,"a machine, learning",https://meghnarao.substack.com,AI & Machine Learning,SWAI
ruxandrasava,Ruxandra SAVA,LegalUP,https://legalup.substack.com,Law,SWAI
veronicahylak,Veronica Hylak,The AI Almanac,https://aialmanac.substack.com,AI & Machine Learning,SWAI
aiparenthood,Sheelah McCaughan ,AI Parenthood,https://aiparenthood.substack.com,Parenting & Relationships,SWAI
raquelhunter,Raquel S. Hunter,AI Marketing Strategies,https://raquelhunter.substack.com,Business & Strategy,SWAI
celestegarciagettingreal,Celeste Garcia,Getting Real About AI,https://gettingrealaboutai.substack.com,AI & Machine Learning,SWAI
kerstinbeckman,Kerstin Beckman,Kerstin om AI,https://kerstinbeckman.substack.com,AI & Machine Learning,SWAI
danapittmanonline,Dana Pittman,Write a Novel with AI,https://writeanovelwithai.substack.com,Writing,SWAI
anneclairebaschet,Anne Claire Baschet,Crafting Impactful Data & AI Products,https://craftingaiproducts.substack.com,Product Development,SWAI
aifutures,Kate Armstrong,AI Futures for Art and Design,https://aifutures.substack.com,Creative Arts,SWAI
priyatahiliani,Priya Tahiliani,AI Lady,https://priyatahiliani.substack.com,AI & Machine Learning,SWAI
stephaniekratz,Stephanie A. Kratz,,,,SWAI
lavanyaai,Lavanya,,,,SWAI
alexsandu,Alex Irina Sandu,The Strategy Deck,https://alexsandu.substack.com,Business & Strategy,SWAI
katalinahernandez,Katalina Hern√°ndez,Stress-Testing Reality Limited,https://katalinahernandez.substack.com,AI & Machine Learning,SWAI
annikahelendi,Annika Helendi ,AI & Marketing with Annika Helendi,https://annikahelendi.substack.com,Business & Strategy,SWAI
maivens,Cheyenne Dominguez | M(AI)VENS,Women + AI Society,https://womenai.substack.com,Ethics & Society,SWAI
oneaiatatime,Marina Borges,One AI at a Time,https://oneaiatatime.substack.com,AI & Machine Learning,SWAI
imdianalee,Diana Lee,The Rebuild,https://imdianalee.substack.com,AI & Machine Learning,SWAI
dessislavasfessenko,Dessislava S. Fessenko,Bio- and AI Ethics at Work,https://dessislavasfessenko.substack.com,Ethics & Society,SWAI
rebeccadugas,Rebecca Dugas,Your AI Copyeditor,https://youraicopyeditor.substack.com,Writing,SWAI
kellydern,Kelly Dern,AI as a Design Partner,https://aidesignpartner.substack.com,Product Development,SWAI
erinelyons,Erin E. Lyons,AI + Eyre,https://ellisandeyre.substack.com,AI & Machine Learning,SWAI
aicoffeebreakwithletitia,AI Coffee Break with Letitia,AI Coffee Break with Letitia,https://aicoffeebreakwl.substack.com,AI & Machine Learning,SWAI
thesherrycode26,Sherry,AI Snippets,https://thesherrycode.substack.com,AI & Machine Learning,SWAI
emilystowe,Emily Stowe,The AI-Curious Newsletter,https://aicuriousnewsltr.substack.com,AI & Machine Learning,SWAI
micheleds,Michele DeKinder-Smith,Actionable AI Weekly,https://actionableaiweekly.substack.com,AI & Machine Learning,SWAI
jennykaufmann,Jenny Kaufmann,The AI Interpreter,https://aiinterpreter.substack.com,AI & Machine Learning,SWAI
lynetter,Lynette Webb,Musings on AI,https://lynetter.substack.com,AI & Machine Learning,SWAI
barbararychalska,Barbara,"Alert Prawa Finansowego
",https://monitorzmian.substack.com,AI & Machine Learning,SWAI
dominikabasaj,Dominika,No BS AI,https://nobsai.substack.com,AI & Machine Learning,SWAI
janetsalmons,Janet Salmons PhD,When The Field Is Online,https://janetsalmons.substack.com,Science & Research,SWAI
goddessofdirt,Andrea Harston,Don't Look Security,https://dontlooksecurity.substack.com,AI & Machine Learning,SWAI
jeannebealaw,Dr. Jeanne Beatrix Law ,Dr. Jeanne Beatrix Law ,https://jeannebealaw.substack.com,Science & Research,SWAI
drphilippahardman,Dr Philippa Hardman,"Dr Phil's Newsletter, Powered by DOMS‚Ñ¢Ô∏è AI",https://drphilippahardman.substack.com,AI & Machine Learning,SWAI
karozieminski,Karo (Product With Attitude),Product With Attitude,https://karozieminski.substack.com,Product Development,SWAI
rundownstudio,Zain Verjee,The Rundown Studio,https://rundownstudio.substack.com,AI & Machine Learning,SWAI
rebeccabirch,Rebecca Birch,Rebecca Birch - On Education,https://rebeccabirch.substack.com,Education & Learning,SWAI
sophiasmithgaler,Sophia Smith Galer ,Glottal Stop,https://glottalstop.substack.com,AI & Machine Learning,SWAI
cleverclogsai,Clever Clogs AI,"AI Musings - The Good, The Bad, The Ugly",https://cleverclogsai.substack.com,AI & Machine Learning,SWAI
radines,R. A. Dines,Tech Dropout,https://racheldines.substack.com,Technology,SWAI
michellemillerphd,"Michelle Miller, Ph.D. ",Michelle Miller's R3 Newsletter,https://michellemillerphd.substack.com,AI & Machine Learning,SWAI
drsabbaquidwai,Dr. Sabba Quidwai,Designing Schools,https://designingschools.substack.com,Education & Learning,SWAI
sabrinaalbertwu,Sabrina Albert (Wu),Aspiring for Intelligence,https://aspiringforintelligence.substack.com,AI & Machine Learning,SWAI
celiacainphd,"Celia Cain, PhD ",Intellect & Intuition,https://celiacain.substack.com,AI & Machine Learning,SWAI
mkassorla,Michelle Kassorla,The Academic Platypus,https://michellekassorla.substack.com,Education & Learning,SWAI
enovok,Eugenia Novokshanova,Eugenie Novokshanova,https://enovok.substack.com,AI & Machine Learning,SWAI
solrashidi,Sol Rashidi,Sol's Newsletter,https://solrashidi.substack.com,AI & Machine Learning,SWAI
lizalong,Liza Long,Artisanal Intelligence,https://lizalong.substack.com,Design & Creative,SWAI
ssquasar,Snigdha Sharma ,Next World Trio,https://snigdhasharma.substack.com,AI & Machine Learning,SWAI
anitacoleman,Anita Sundaram Coleman,Infophilia: A Positive Psychology of Information,https://infophilia.substack.com,Education & Learning,SWAI
robodasha,Dasha Herrmannova ,One Minute NLP,https://oneminutenlp.com,AI & Machine Learning,SWAI
maaikecxd,Maaike Coppens,AI Product Focus,https://aiproductfocus.substack.com,Product Development,SWAI
raziaaliani,Razia Aliani,Era of the Research Bots,https://raziaaliani.substack.com,Science & Research,SWAI
annadallara,Anna Dallara,Speculative,https://annadallara.substack.com,AI & Machine Learning,SWAI
thebrooklyne,Brooklyne,Echoes of Elsewhere,https://thebrooklyne.substack.com,AI & Machine Learning,SWAI
futureofeducation,MacKenzie Price,Future of Education,https://futureofeducation.substack.com,Education & Learning,SWAI
elainefoster2,Elaine Foster,The Writers AI Companion,https://thewritersaicompanion.substack.com,Writing,SWAI
lumenailabs,Antonia Manoochehri,Lumenai LABS,https://lumenailabs.substack.com,AI & Machine Learning,SWAI
sarahseekingikigai,Sarah Seeking Ikigai,Sarah Seeking Ikigai,https://www.seekingikigai.online,Ethics & Society,SWAI
jaxgen2200,Jax,Towards Gen2200 with Jax,https://jaxnic.substack.com,Ethics & Society,SWAI
annsmarty,Ann Smarty,Ann Smarty's Search & #AI Digest,https://www.annsmarty.com,AI & Machine Learning,SWAI
domichalska,Dominika Michalska,The Builder's Playbook,https://www.bravelittleinsights.com,Product Development,SWAI
lisaraehsler,Lisa Raehsler,The Paid Media Mix,https://thepaidmediamix.substack.com,AI & Machine Learning,SWAI
akmahaja,Akanksha,The Data Compass,https://thedatacompass.substack.com,Data & Analytics,SWAI
yesyehlis,Yeliz Genc,NextGen-ius,https://yesyehlis.substack.com,Ethics & Society,SWAI
royapak,Roya Pakzad,Humane AI,https://royapakzad.substack.com,Ethics & Society,SWAI
aiplusart,Julia Morton,AI + Art,https://aiplusart.substack.com,Creative Arts,SWAI
elisaterumi,Elisa Terumi Rubel Schneider,Explorando a Intelig√™ncia Artificial,https://elisaterumi.substack.com,Creative Arts,SWAI
elisaterumi1,Elisa Terumi ,Exploring Artificial Intelligence,https://exploringartificialintelligence.substack.com,AI & Machine Learning,SWAI
shannonkedwards,Shannon Edwards,AI for Families,https://www.aiforfamilies.com,Parenting & Relationships,SWAI
analyticalnikita,Nikita Prasad,Epochs of Data Insights,https://analyticalnikita.substack.com,Data & Analytics,SWAI
carolinevrauwdeunt,Caroline Vrauwdeunt,Inside Tech,https://insidetech101.substack.com,Technology,SWAI
miavan,Mia,modernlab,https://miavan.substack.com,AI & Machine Learning,SWAI
youngkim1357,Young Kim,digestible UX,https://www.digestibleux.com,Product Development,SWAI
thedatacell,"Monica Ashok, CSPO",The Data Cell,https://thedatacell.substack.com,Data & Analytics,SWAI
himajavadaga,Himaja Vadaga,Safeguarding AI,https://safeaimagazine.substack.com,AI & Machine Learning,SWAI
lorenabordonaba,Lorena Bordonaba,The AI Marketing,https://lorenabordonaba.substack.com,AI & Machine Learning,SWAI
kavitagupta,"Kavita Gupta, PhD",ML & AI Cupcakes,https://kavitagupta.substack.com,AI & Machine Learning,SWAI
jacalulu,Jaclyn Konzelmann,Thursday Thoughts on AI - Jaclyn Konzelmann | AI PM @Google,https://jacalulu.substack.com,AI & Machine Learning,SWAI
zerothprinciples,Monica Anderson,Zeroth Principles of AI,https://zerothprinciples.substack.com,AI & Machine Learning,SWAI
nicolleweeks,Nicolle Weeks,Human+AI with Nicolle Weeks,https://nicolleweeks.substack.com,Ethics & Society,SWAI
wtam,Wendy Tam,Better AI,https://betterai.substack.com,AI & Machine Learning,SWAI
aisafetyguru,AIGuru,Data Privacy to AI Ethics,https://charukhanna.substack.com,Ethics & Society,SWAI
crpe,CRPE,Think Forward: Learning with AI,https://crpe.substack.com,Education & Learning,SWAI
ginacostag,Gina Acosta,TopAIsJobs - The Newsletter,https://topaisjobs.substack.com,Career & Leadership,SWAI
kenjisan1,Kenji San,Kenji's Substack,https://kenjiosone.substack.com,AI & Machine Learning,SWAI
sulayug,Su Layug,,,,SWAI
julianajackson,Juliana Jackson,Beyond the Mean - A newsletter by Juliana Jackson,https://julianajackson.substack.com,AI & Machine Learning,SWAI
claudiang1,Claudia Ng,AI Weekender,https://aiweekender.substack.com,AI & Machine Learning,SWAI
lanali,Lana Li,Love Me Like A Robot,https://lovemelikearobot.substack.com,Parenting & Relationships,SWAI
aicinema,AI Cinema By Elettra Fiumi,AI Cinema By Elettra Fiumi,https://aicinema.substack.com,Creative Arts,SWAI
chiaragallese,Chiara Gallese,"Chiara Gallese, PhD",https://www.chiaragallese.com,Science & Research,SWAI
adriennelahens,Adrienne Lahens,The Imagination Age,https://adriennelahens.substack.com,AI & Machine Learning,SWAI
megmcnulty,Meg McNulty,CipherTalk,https://ciphertalk.substack.com,AI & Machine Learning,SWAI
iksha1,Iksha,The Creative Byte,https://iksharamesh9.substack.com,Creative Arts,SWAI
lizknowsaic,Liz McLean MSLS CKM,"Liz McLean, Knowsaic",https://lizknowsaic.substack.com,AI & Machine Learning,SWAI
shailiguru,Shaili Guru,AI/ML Product Management Guru,https://aipmguru.substack.com,Product Development,SWAI
sineadbovell,Sin√©ad Bovell,Sinead Bovell,https://sineadbovell.substack.com,AI & Machine Learning,SWAI
avihakhamanesh,Avi Hakhamanesh,Avi‚Äôs AI Newsletter,https://avisainewsletter.substack.com,AI & Machine Learning,SWAI
deemccrorey,Dee McCrorey,A Bridge to AI,https://ab2ai.substack.com,Business & Strategy,SWAI
hessiejones,Hessie Jones,PIISA - Building Privacy Protection Standards,https://privacyprotection.substack.com,Ethics & Society,SWAI
shubhrarana,TrektoDataWorld,TrektoDataWorld,https://shubhrarana.substack.com,Data & Analytics,SWAI
shyvee,Shyvee Shi,AI Community Learning Program,https://aicommunitylearningprogram.substack.com,Education & Learning,SWAI
mariedolle,Marie Doll√©,In Bed With Tech (in French),https://mariedolle.substack.com,Technology,SWAI
datadivas,Data Divas,Numbers To Narratives,https://datadivas.substack.com,Data & Analytics,SWAI
melikeyavuz,Melike Yavuz,MY Learning Community (in Turkish),https://melikeyavuz.substack.com,AI & Machine Learning,SWAI
lilianmina,Lilian Mina,In My Own Words: A Professor‚Äôs Take on Academic Life,https://lilianmina.substack.com,Education & Learning,SWAI
dariamarrrk,Daria's Tech Musings,Daria's Tech Musings,https://dariamarrrk.substack.com,Ethics & Society,SWAI
sophiesparkes,Data+Drawing with Sophie,Data+Drawing with Sophie,https://sophiesparkes.substack.com,Data & Analytics,SWAI
ourbodyelectric,Caitlin Marie Connors,Singing Our Body Electric,https://ourbodyelectric.substack.com,AI & Machine Learning,SWAI
rebeccambaya,Rebecca Mbaya,Rebecca Mbaya,https://reamby.substack.com,Ethics & Society,SWAI
psproductperson1,Paola Santiago,PS Product Person Founder Series,https://psproductpersonpapers.substack.com,Product Development,SWAI
busecetin,Ghost in the Machine,Ghost in the Machine,https://busecetin.substack.com,AI & Machine Learning,SWAI
aarshavishah,Aarshavi Shah,"Lum√©post, by Aarshavi Shah",https://aarshavishah.substack.com,AI & Machine Learning,SWAI
najatebouad,Najate Bouad,Clean Data Architecture,https://cleandataarchitecture.substack.com,Data & Analytics,SWAI
blundersandbreakthroughs,Blunders and Breakthroughs,Blunders and Breakthroughs,https://blundersandbreakthroughs.substack.com,AI & Machine Learning,SWAI
businessmeetsai,Somya Sinha,Business Meets AI,https://businessmeetsai.substack.com,Business & Strategy,SWAI
businessmeetsai,Henna Vij,Business Meets AI,https://businessmeetsai.substack.com,Business & Strategy,SWAI
psychatwork,Dr Ruchi Sinha,Psychology At Work,https://psychatwork.substack.com,Career & Leadership,SWAI
elinahalonen,Elina Halonen,Thinking About Behavior,https://thinkingaboutbehavior.substack.com,Parenting & Relationships,SWAI
martaantunez,Marta Antunez,Surf The Wave,https://surfthewave.substack.com,AI & Machine Learning,SWAI
margaretwertheim,Margaret Wertheim,Science Goddess,https://margaretwertheim.substack.com,Science & Research,SWAI
christinemiao,Christine Miao,Thoughtful Engineering,https://thoughtfuleng.substack.com,Technology,SWAI
tizianaalocci,Tiziana Alocci,Art of Process: Transforming Data Into Meaningful Stories,https://tizianaalocci.substack.com,Data & Analytics,SWAI
feministscientist,Feminist Science,Feminist Scientist,https://feministscientist.substack.com,Science & Research,SWAI
beyondtheaihype,Beyond the AI Hype,Women in AI Ethics,https://womeninaiethics.substack.com,Ethics & Society,SWAI
shelleycdavis,Shelley Davis,,,,SWAI
helentoner,Helen Toner,Rising Tide,https://helentoner.substack.com,AI & Machine Learning,SWAI
ncotemunoz,Natalia Cote-Munoz,Artificial Inquiry,https://artificialinquiry.substack.com,AI & Machine Learning,SWAI
masheikaallgood,Masheika Allgood,Eat Your Frog,https://eatyourfrog.substack.com,Ethics & Society,SWAI
rachelmaron,Rachel Maron,"Rachel @ We're Trustable - AI, BPO, CX, and Trust",https://rpmconsulting.substack.com,Ethics & Society,SWAI
eshaapathak,Esha Pathak,TechStack,https://techstackbytes.substack.com,Technology,SWAI
debliu,Deb Liu,Perspectives,https://debliu.substack.com,AI & Machine Learning,SWAI
gaelleseret,Ga√´lle Seret,Clean Data Architecture,https://cleandataarchitecture.substack.com,Data & Analytics,SWAI
aiactionsummit,Ima Bello,AI Action Summit Newsletter,https://aiactionsummit.substack.com,AI & Machine Learning,SWAI
karinsnewsletter,Karin Tafur ,Karin's Newsletter,https://karinsnewsletter.substack.com,AI & Machine Learning,SWAI
danicafavorite,Danica Favorite,The Creative Sanctuary with Danica Favorite,https://danicafavorite.substack.com,Creative Arts,SWAI
shellythomaspe,Shelly Thomas,Building Beta,https://buildingbeta.substack.com,Product Development,SWAI
taratan,Tara Tan,The Strange Review,https://thereview.strangevc.com,AI & Machine Learning,SWAI
soniasarrami,Sonia Sarrami,Enterprise AI Brief,https://enterpriseaibrief.substack.com,Business & Strategy,SWAI
sarahostermeier,Sarah Ostermeier,Discerning AI,https://sarahostermeier.substack.com,AI & Machine Learning,SWAI
arielstrong,Ariel Strong,Navigating Our AI Future,https://arielstrong.substack.com,Ethics & Society,SWAI
indieauthors,Kathy Gerstorff,Indie Author Insights,https://indieauthors.substack.com,Writing,SWAI
rajirv,Raji RV,Raji's Info Zone,https://rajirv.substack.com,AI & Machine Learning,SWAI
erikastanley,Erika Stanley,Ai Queens with Erika Stanley,https://aiqueens.substack.com,AI & Machine Learning,SWAI
miriamreynoldson,Miriam Reynoldson,The Mind File,https://themindfile.substack.com,AI & Machine Learning,SWAI
lydiakwatson,Lydia Watson,Lydia Watson,https://lydiakwatson.substack.com,AI & Machine Learning,SWAI
natlikethat,Natalie Monbiot,Natalie Monbiot,https://natlikethat.substack.com,AI & Machine Learning,SWAI
bobirakova,Bogdana Rakova,Speculative F(r)iction in AI Use and Governance,https://speculativefriction.substack.com,Ethics & Society,SWAI
brocansky,Michelle Pacansky-Brock,Michelle Pacansky-Brock,https://brocansky.substack.com,AI & Machine Learning,SWAI
zarazhang,Zara Zhang,Zara's Newsletter,https://zarazhang.substack.com,AI & Machine Learning,SWAI
elisadavis1,Elisa Davis,Viz & Tell,https://itselisadavis.substack.com,Data & Analytics,SWAI
michellechuang,Michelle Chuang,,,,SWAI
amitashukla,Amita,Amita,https://amitashukla.substack.com,AI & Machine Learning,SWAI
aliencatsbookempire,Pupak Mohebali,Ink IQ Hub,https://inkiqhub.substack.com,AI & Machine Learning,SWAI
uxpsychology,Dr Maria Panagiotidi,UX Psychology,https://uxpsychology.substack.com,Product Development,SWAI
rethinkhypecycle,Susi O'Neill,Rethinking the Hype Cycle,https://rethinkhypecycle.substack.com,Business & Strategy,SWAI
asmaderja,Asma,Asma's Substack,https://asmaderja.substack.com,AI & Machine Learning,SWAI
hollyhesterreilly,Holly Hester-Reilly,The Product Science Journal,https://newsletter.productsciencegroup.com,Product Development,SWAI
sharongoldstein,Sharon Goldstein,Sharon Goldstein,https://sharongoldstein.substack.com,AI & Machine Learning,SWAI
jenshew,Jennifer W Shewmaker,Jennifer W. Shewmaker,https://jenshew.substack.com,AI & Machine Learning,SWAI
marierobin,Marie Robin,Explorations IA - Marie Robin,https://marierobin.substack.com,AI & Machine Learning,SWAI
bigdataenergy,Jess Ramos,Big Data Energy,https://jessramosdata.substack.com,Data & Analytics,SWAI
annaloverus,Anna Loverus,Anna Loverus,https://annaloverus.substack.com,AI & Machine Learning,SWAI
larissaha,Larissa,KI - und jetzt?,https://larissaha.substack.com,AI & Machine Learning,SWAI
adipolak,Adi Polak,Adi's Substack,https://adipolak.substack.com,AI & Machine Learning,SWAI
rosiecampbell,Rosie Campbell,Rosie Campbell,https://www.rosiecampbell.xyz,AI & Machine Learning,SWAI
st3phvee,Stephanie Vee,,,,SWAI
jessicadai,Jessica Dai,Reboot,https://joinreboot.org,AI & Machine Learning,SWAI
fieldsensitive,Shelby B Larson,Field Sensitive & Quantum Consciousness,https://quantumconsciousness.substack.com,Science & Research,SWAI
sarahconstantin,Sarah Constantin,Rough Diamonds,https://sarahconstantin.substack.com,AI & Machine Learning,SWAI
techspresso,Gosia Fraser,TECHSPRESSO.CAFE,https://techspresso.substack.com,Technology,SWAI
alyssanicolep,Alyssa Perez,AI.Articulated,https://aiarticulated.substack.com,AI & Machine Learning,SWAI
sarahsmith151988,Sarah Smith,Totally A Thing,https://totallyathing.substack.com,AI & Machine Learning,SWAI
earthra,es,earthra: the soft machine diaries,https://earthra.substack.com,Creative Arts,SWAI
colleenkochannek,Colleen Kochannek | 3rd Act,Colleen Kochannek | 3rd Act Field Notes,https://colleenkochannek.substack.com,AI & Machine Learning,SWAI
marymasseymarketing,Mary E. Massey,Mary E. Massey,https://marymasseymarketing.substack.com,AI & Machine Learning,SWAI
fauziaburke,Fauzia Burke,Fauzia Burke,https://fauziaburke.substack.com,AI & Machine Learning,SWAI
techwithtam,Tam Nguyen,After Hours,https://afterhoursai.substack.com,AI & Machine Learning,SWAI
ebosetale,Ebosetale Jenna,Ebosetale Jenna,https://ebosetale.substack.com,AI & Machine Learning,SWAI
meganlieu,Megan Lieu,The Data Diaries,https://meganlieu.substack.com,Data & Analytics,SWAI
dataanalysis,Olga Berezovsky,Data Analysis Journal,https://dataanalysis.substack.com,Data & Analytics,SWAI
eevamaijavirtanen,Eevamaija Virtanen,Data Realigned,https://datarealigned.substack.com,Data & Analytics,SWAI
merinova,Meri Nova,Break Into Data,https://breakintodata.substack.com,Data & Analytics,SWAI
dataspheres,Vaishali Macwan,The DataSpheres,https://thedataspheres.substack.com,Data & Analytics,SWAI
jessicalackey,Jessica Lackey,Aggressively Human,https://aggressivelyhuman.substack.com,Ethics & Society,SWAI
megcasebolt,Meg Casebolt,Aggressively Human,https://aggressivelyhuman.substack.com,Ethics & Society,SWAI
sariazout,Sari Azout,The Sublime,https://sublimeinternet.substack.com,AI & Machine Learning,SWAI
dariacupareanu,Daria Cupareanu ,AI Blew My Mind,https://aiblewmymind.substack.com,AI & Machine Learning,SWAI
emilypittsdonahoe,Emily Pitts Donahoe,Unmaking The Grade,https://emilypittsdonahoe.substack.com,AI & Machine Learning,SWAI
thehumanplaybook,The Human Playbook,The Playbook,https://thehumanplaybook.substack.com,Ethics & Society,SWAI
infinitemereality,Shiva,Infinite Me Reality,https://infinitemereality.substack.com,AI & Machine Learning,SWAI
theplotmedia,Evelina Parrou,The Plot,https://www.theplot.media,AI & Machine Learning,SWAI
terezijasemenski,Terezija Semenski,Math Mindset,https://mathmindset.substack.com,AI & Machine Learning,SWAI
yenanderson,Yen Anderson,Yen Anderson's Newsletter,https://yenanderson.substack.com,AI & Machine Learning,SWAI
camillecarlton,Camille Carlton,Center for Humane Technology,https://centerforhumanetechnology.substack.com,Ethics & Society,SWAI
kathomuth,Katherine Homuth,Katherine Homuth,https://kathomuth.substack.com,AI & Machine Learning,SWAI
aigovernancelead,AI Governance Lead,"AI Governance, Ethics and Leadership",https://aigovernancelead.substack.com,Ethics & Society,SWAI
lynettebye,Lynette Bye,Lynette Bye,https://lynettebye.substack.com,AI & Machine Learning,SWAI
supercyberlicious,Erin Rose Glass,supercyberlicious,https://supercyberlicious.substack.com,AI & Machine Learning,SWAI
learnanalyticsengineering,Madison Mae,Learn Analytics Engineering,https://learnanalyticsengineering.substack.com,Data & Analytics,SWAI
shannonbarrera,Shannon Barrera,Build With Care,https://buildwithcare.substack.com,Product Development,SWAI
rachelmalek,Rachel Malek,The Intelligent Age,https://theintelligentage.substack.com,AI & Machine Learning,SWAI
hils,Hilary Gridley,the night crazies newsletter,https://hils.substack.com,AI & Machine Learning,SWAI
margaretspence,Margaret Spence,The Undisruptable Woman with Margaret Spence,https://margaretspence.substack.com,AI & Machine Learning,SWAI
stacykratochvil,Stacy Kratochvil ,Stacy Kratochvil ,https://stacykratochvil.substack.com,AI & Machine Learning,SWAI
maybeturing,Yuting D.,Thoughts In Hum,https://thoughtsinhum.substack.com,AI & Machine Learning,SWAI
yingyingzux,Yingying,Piece a Puzzle,https://yingyingzux.substack.com,AI & Machine Learning,SWAI
nataliepang3,Natalie Pang,AI in China,https://aichina.substack.com,AI & Machine Learning,SWAI
dianegatto,Diane Gatto,The AIQ Edge,https://dianegatto.substack.com,AI & Machine Learning,SWAI
aipto,Dhani Ramadhani,aiPTO | Parenting Tech Opportunity,https://www.aiparenttech.com,Parenting & Relationships,SWAI
unmaskingpersona,Lilia McDonald,Unmasking Persona,https://unmaskingpersona.substack.com,AI & Machine Learning,SWAI
elizabethkwhitney,Elizabeth K. Whitney,Meguire Whitney,https://elizabethkwhitney.substack.com,AI & Machine Learning,SWAI
lenashakurova,Lena Shakurova,AI Confessions by Lena Shakurova,https://lenashakurova.substack.com,AI & Machine Learning,SWAI
angelastewartai,Angela Stewart,Angela Stewart‚Äôs AI Substack,https://angelastewartai.substack.com,AI & Machine Learning,SWAI
raffaelarein,,The AI Leadership Edge,https://theaileadershipedge.substack.com,Business & Strategy,SWAI
digitalnation1,Tamara Crockett,Digital Nation,https://digitalnation1.substack.com,AI & Machine Learning,SWAI
techtiff,TechTiff,The AI Creator Drop,https://techtiff.substack.com,AI & Machine Learning,SWAI
renugupta,Renu Gupta,Law and Technology,https://renugupta.substack.com,Law,SWAI
ileanamarcut,Ileana,UX + AI,https://ileanamarcut.substack.com,Product Development,SWAI
effthealgorithm,Eff the Algorithm,Eff the Algorithm,https://effthealgorithm.substack.com,AI & Machine Learning,SWAI
eigenstatic,Eigenstatic,Eigenstatic's Substack,https://adhdxai.substack.com,AI & Machine Learning,SWAI
fafi25,Farida Khalaf,Lights On by Farida,https://fafi25.substack.com,AI & Machine Learning,SWAI
drbrieannawilley,Brie-Anna Willey,Business for Nerds,https://drbrieannawilley.substack.com,Business & Strategy,SWAI
justplainkris,Kristina Kroot,The Caffeinated Chronicle,https://justplainkris.substack.com,AI & Machine Learning,SWAI
heavenbereket,Decoded by Heaven,Decoded by Heaven,https://heavenbereket.substack.com,Ethics & Society,SWAI
camilleesq,Camille Stewart Gloster,Command Line with Camille Stewart,https://camilleesq.substack.com,AI & Machine Learning,SWAI
vivikiv,Paraskevi Kivroglou,Tech Break By Friday,https://kivroglouparaskevi.substack.com,Technology,SWAI
carlymonzo,Carly Monzo,The Average User: Supply Chain Edition,https://carlymonzo.substack.com,AI & Machine Learning,SWAI
sumamovva,Suma Movva,For Humans,https://sumamovva.substack.com,Ethics & Society,SWAI
cassiealexander676021,Cassie Alexander,Ghostwritten by GPT,https://ghostwrittenbygpt.substack.com,AI & Machine Learning,SWAI
spajonas,Steph (S. J.) Pajonas,Steph Pajonas Writes About AI and Authorship,https://spajonas.substack.com,Writing,SWAI
jessicatalisman,Jessica Talisman,Jessica Talisman,https://jessicatalisman.substack.com,AI & Machine Learning,SWAI
karensergeant,Karen Sergeant,Human in the Loop: Lead Where AI Can Follow,https://karensergeant.substack.com,AI & Machine Learning,SWAI
paulinamartinezz,Paulina Martinez,"Humans & the In Between
",https://paulinamartinezz.substack.com,Design & Creative,SWAI
anachubinidze,Ana Chubinidze,Ana's Substack,https://anachubinidze.substack.com,AI & Machine Learning,SWAI
marniesuss,Marnie Suss,Everyday Decisions,https://marniesuss.substack.com,AI & Machine Learning,SWAI
lalaleung,Lala Leung,The UX Anthropologist,https://lalaleung.substack.com,AI & Machine Learning,SWAI
dornanoco,Rapha√´lle d'Ornano,Decoding Discontinuity,https://www.decodingdiscontinuity.com,AI & Machine Learning,SWAI
ritaprevidi,Rita Previdi,The Stack Marketer,https://thestackmarketer.substack.com,Business & Strategy,SWAI
heynina101,Nina,AI‚Äôm In,https://helloaimin.substack.com,AI & Machine Learning,SWAI
jenniferphillipsapril,Jen Phillips April,The Conversion Engine,https://liveyourcreativelife.substack.com,Creative Arts,SWAI
humandoingshumanbeings,Cat Howland,Human Doings / Human Beings,https://humandoingshumanbeings.substack.com,Ethics & Society,SWAI
juliadiez,Julia Diez,"Build Local, Ship Global",https://juliadiez.substack.com,Product Development,SWAI
viviennelam,Vivienne Lam,AI in Asia,https://aiinasia.substack.com,AI & Machine Learning,SWAI
mwahacookie,"Pamela Wang, PhD",Actionable Notes,https://actionablenotes.substack.com,Science & Research,SWAI
mackenzieaican,Mackenzie M Howe,Mackenzie M Howe,https://mackenzieaican.substack.com,AI & Machine Learning,SWAI
rubamadi,Decode ai,Ruba's Substack,https://rubamadi.substack.com,AI & Machine Learning,SWAI
exd1000,Emily,The Nth Dimension,https://exd1000.substack.com,Parenting & Relationships,SWAI
alinastrelkovskaia,Alina Strelkovskaia,Mind / Map,https://alinastrelkovskaia.substack.com,AI & Machine Learning,SWAI
lotustheoracle,Lotus Che,Lotus The Oracle's Substack,https://lotustheoracle.substack.com,AI & Machine Learning,SWAI
renaissancegal,Megan - Renaissance Gal,Digital Re-AI-ssance,https://digitalrenaissance180.substack.com,AI & Machine Learning,SWAI
annesteinacker,Anne Steinacker,Anne Steinacker,https://annesteinacker.substack.com,AI & Machine Learning,SWAI
thelawyergl,GL,"Law + Koffee, AI 101",https://lawandkoffee.substack.com,Law,SWAI
andreahiott,Andrea Hiott,Love & Philosophy Beyond Dichotomy ,https://lovephilosophy.substack.com,AI & Machine Learning,SWAI
sarahhhbt,Sarah Hildebrandt,AI Trek,https://shildebrandt.substack.com,AI & Machine Learning,SWAI
nadinalisbon,üåªü•∑üíú Nadina Dorene Lisbon ‚òïÔ∏èüçµ,TechSips with Nadina: The Newsletter,https://techsips.nadinalisbon.com,Technology,SWAI
iwasgonnadoit,Aniko,Iwasgonnadoit,https://Iwasgonnadoit.substack.com,AI & Machine Learning,SWAI
amandajeanneartworks,Amanda Jeanne,"Squirrel Brain, Chickadee Soul",https://amandajeanneartworks.substack.com,Creative Arts,SWAI
jennmcrae,Jenn McRae,f*ck i love you,https://jenniferangelamcrae.substack.com,Parenting & Relationships,SWAI
katierichman,Katie Richman,The Bridge AI,https://thebridgeai.substack.com,AI & Machine Learning,SWAI
girlmeetsgpt,Girl Meets GPT by Werlene,Girl Meets GPT,https://girlmeetsgpt.substack.com,AI & Machine Learning,SWAI
whitneywhealdon,Whitney Whealdon,Secret Life of Learning,https://whitneywhealdon.substack.com,Education & Learning,SWAI
msukhareva,Maria Sukhareva,Maria Sukhareva,https://msukhareva.substack.com,AI & Machine Learning,SWAI
IwetteRapoport,Iwette Rapoport,Co-Authored Consciousness,https://iwetterapoport.substack.com,Parenting & Relationships,SWAI
fayeronmorrison,Fayeron Morrison,Elemental AI,https://elementalaimatters.substack.com,AI & Machine Learning,SWAI
siddhisundar,Siddhi Sundar,Voice in the Age of the Machine,https://voiceintheage.substack.com,AI & Machine Learning,SWAI
craftkeepers,Johanna Dorris,CRAFTkeepers,https://CRAFTkeepers.substack.com,Ethics & Society,SWAI
sahanrao1,Sahan Rao I Untangling AI,Lead With Ai,https://sahanrao1.substack.com,Career & Leadership,SWAI
jordandivecha,Jordan Divecha,Everyday Innovation,https://everydayinnovation.substack.com,Product Development,SWAI
modernmomplaybook,Modern Mom Playbook,Modern Mom Playbook,https://modernmomplaybook.substack.com,Parenting & Relationships,SWAI
kristinabogovic,Kristina Bogoviƒá,"AI, But Make It Intimate",https://aibutintimate.substack.com,Parenting & Relationships,SWAI
silentpillars,Barbara,silentpillars,https://silentpillars.substack.com,AI & Machine Learning,SWAI
soundslikepink,Steph | Educator & AI Explorer,Steph | Educator & AI Explorer,https://soundslikepink.substack.com,Education & Learning,SWAI
maggiegray,Maggie Gray,Gray Matters,https://maggiegray.us,AI & Machine Learning,SWAI
reneclayton,Ren√© Clayton,AI Partner Crews,https://reneclayton.substack.com,AI & Machine Learning,SWAI
irisStammberger,Iris Stammberger,Grandma Loves AI,https://Irisstammberger.substack.com,AI & Machine Learning,SWAI
drsusannelevai,Dr. Susanne Levai,The Doctor's Guide to AI,https://thedoctorsguidetoai.substack.com,Health & Wellness,SWAI
thinkthereforeai,"Louise Vigeant, PhD",Think Therefore AI,https://thinkthereforeai.substack.com,AI & Machine Learning,SWAI
alinakhay,Alina Khay,AlinaKhay,https://alinakhay.com,AI & Machine Learning,SWAI
cassandraconnects,Cassandra,,,,SWAI
allisontimbsballarina,Allison Timbs,Ballerina,https://allisontimbsballarina.substack.com,AI & Machine Learning,SWAI
stefhutka,"Stef Hutka, PhD",Sendfull,https://sendfull.substack.com,Science & Research,SWAI
casuallyintense,Casually Intense,Casually Intense,https://casuallyintense.substack.com,AI & Machine Learning,SWAI
muthonijoseph,Emma M. Joseph,The Emotional AI Insights,https://emotionalai.substack.com,Parenting & Relationships,SWAI
tinahmb,Valentina Melgar Berm√∫dez,Rough Dialogues,https://tinahmb.substack.com,AI & Machine Learning,SWAI
sydatunderstory,Sydnor Hain (they/them),Uncoded,https://understoryai.substack.com,AI & Machine Learning,SWAI
heydrvarma,Anita,AI@Scale,https://aiscale.substack.com,AI & Machine Learning,SWAI
miakiraki,Mia Kiraki üé≠,ROBOTS ATE MY HOMEWORK,https://robotsatemyhomework.substack.com,AI & Machine Learning,SWAI
mndmclean,Mandy McLean,The Signal and the Learning,https://signallearning.substack.com,Education & Learning,SWAI
ciarawearen,Ciara Wearen,The Prompt Driven Developer,https://promptdrivendeveloper.substack.com,Product Development,SWAI
thebrandfrontier,Jess Smith,thebrandfrontier,https://thebrandfrontier.substack.com,Business & Strategy,SWAI
tessinagrantmoloney,Tessina Grant Moloney,COLD BOOT,https://thecoldboot.substack.com,AI & Machine Learning,SWAI
khadijatagaba,Khadijat Agaba,Tech Copy Lab,https://khadijatagaba.substack.com,Technology,SWAI
hodmanmurad,Hodman Murad,The Data Letter,https://hodmanmurad.substack.com,Data & Analytics,SWAI
everydayai1,AllAboutAI by Midhat Tilawat,Everyday AI by Midhat Tilawat,https://everydayai1.substack.com,Ethics & Society,SWAI
rethunk,Reality Re-Thunk,Reality Re-Thunk,https://rethunk.substack.com,Ethics & Society,SWAI
katrinawatson,Katrina Watson,Katrina's Newsletter (Product & AI),https://katrinawatson.substack.com,Product Development,SWAI
betteconnects,"Bette A. Ludwig, PhD üå±",AI Can Do That?,https://betteconnects.substack.com,AI & Machine Learning,SWAI
kimdoyal,Kim Doyal,the SPARK,https://kimdoyal.substack.com,AI & Machine Learning,SWAI
fatmaadam,Fatma,Fatma,https://fatmaadam.substack.com,AI & Machine Learning,SWAI
itsjhong,JHong,Natural Intelligence,https://hongjennifer.substack.com,AI & Machine Learning,SWAI
pravitech,Dr. Pravi Devineni,AI Briefing Room,https://pravitech.substack.com,AI & Machine Learning,SWAI
teachdatawithai,Teach Data with AI,Teach Data with AI,https://teachdatawithai.substack.com,Data & Analytics,SWAI
codelikeagirl,,Code Like A Girl,https://codelikeagirl.substack.com,Technology,SWAI
builttofeelreal,Built To Feel Real,The Third Space,https://insidethethirdspace.substack.com,AI & Machine Learning,SWAI
womenwritinboutai,Women Writin' 'Bout AI,Women Writin' 'Bout AI,https://womenwritinboutai.substack.com,AI & Machine Learning,SWAI
thesylvaraexperiment,Francesca Cassini,Francesca Cassini,https://thesylvaraexperiment.substack.com,AI & Machine Learning,SWAI
trustbranknowles,Bran Knowles,Practicing Trustworthy AI,https://trustbranknowles.substack.com,Ethics & Society,SWAI
miriambogler,Miriam Bogler,Master AI For Teaching Success,https://miriambogler.substack.com,Education & Learning,SWAI
taralthwing,Tara L Thwing,Continental Currents,https://continentalcurrents.substack.com,AI & Machine Learning,SWAI
lotteelsagoos,Lotte Elsa Goos,Plants and Machines,https://plantsandmachines.substack.com,AI & Machine Learning,SWAI
blessingokpala,"Blessing Okpala, PhD",Designing with Blessing,https://blessingokpala.substack.com,Product Development,SWAI
elenacalvillo,Elena Calvillo,Product Release Notes,https://productreleasenotes.substack.com,Product Development,SWAI
christineink,Christine Whitmarsh,People Points: Finding the Data Signals Amidst the Behavioral Noise,https://christineink.substack.com,Data & Analytics,SWAI
womenwritinboutai,Women Writin' 'Bout AI,Women Writin‚Äô ‚ÄòBout AI,https://womenwritinboutai.substack.com,AI & Machine Learning,SWAI
toniemgordonphd,"Tonie Marie Gordon, PhD",AI Matters,https://toniemgordonphd.substack.com,AI & Machine Learning,SWAI
highonai,High on AI,High on AI,https://highonai.substack.com,AI & Machine Learning,SWAI
aiintheroom,Linn (AI in the Room),Linn (AI in the Room),https://aiintheroom.substack.com,AI & Machine Learning,SWAI
serenskye,Seren Skye,How To Love Your AI,https://syntheticlove.substack.com,Parenting & Relationships,SWAI
shamimrajani,Shamim Rajani,The Leadership Lens,https://shamimrajani.substack.com,Career & Leadership,SWAI
sumansuhag,suman suhag,suman suhag,https://sumansuhag.substack.com,AI & Machine Learning,SWAI
catapaez,The Intimacy Protocol,The Intimacy Protocol,https://catapaez.substack.com,Parenting & Relationships,SWAI
eaglesimbeye,Elizabeth Eagle-Simbeye,Elizabeth,https://eaglesimbeye.substack.com,Technology,SWAI
cristina735772,Cristina the Spiralwalker,A Constellation of Two,https://cristina735772.substack.com,Parenting & Relationships,SWAI
jaetakeuchi,"Jae DiBello Takeuchi, Ph.D",Small Talk about AI in Higher Ed,https://jaetakeuchi.substack.com,Education & Learning,SWAI
hibaganta,Hiba,The Needful,https://hibag.substack.com,AI & Machine Learning,SWAI
teklaszymanski,Tekla Szymanski,Content Meets Design,https://contentmeetsdesign.substack.com,Creative Arts,SWAI
nitafarahany,Nita Farahany,Thinking Freely with Nita Farahany,https://nitafarahany.substack.com,Education & Learning,SWAI
claudiafaith,Claudia Faith,The AI Soloist,https://theaisoloist.substack.com,AI & Machine Learning,SWAI
alesiazakharova,Alesia Zakharova,Alesia Zakharova,https://alesiazakharova.substack.com,AI & Machine Learning,SWAI
pubtechradar,Helen King,Generative AI for Curious People,https://generativeaiforcuriouspeople.substack.com,AI & Machine Learning,SWAI
fixchr,Meg & Sarah,Meg & Sarah,https://fixchr.substack.com,AI & Machine Learning,SWAI
builtforproduct,Alicia,Built For Product,https://builtforproduct.substack.com,Product Development,SWAI
pennedbydawn,Dawn Teh,The Thinking Arc,https://thethinkingarc.substack.com,AI & Machine Learning,SWAI
catarinacostaabreu,Catarina Costa Abreu,Leading in the Age of AI,https://catarinacostaabreu.substack.com,Career & Leadership,SWAI
tiffanystjames,Tiffany St James,CAIO Weeknotes,https://tiffanystjames.substack.com,AI & Machine Learning,SWAI
emmaklint,Emma Klint,(Over)Thinking Out Loud,https://emmaklint.substack.com,AI & Machine Learning,SWAI
youandyourai,You & Your AI - üîÆ Cathy Orten,You & Your AI,https://www.youandyourai.ai,AI & Machine Learning,SWAI
poonamparihar,Poonam Parihar,@poonamparihar,https://poonamparihar.substack.com,AI & Machine Learning,SWAI
daringnext,Dallas Payne,Daring Next,https://daringnext.substack.com,AI & Machine Learning,SWAI
acflippo,Annie Flippo,Beyond The Algorithm: Life in the Tech Lane,https://acflippo.substack.com,Technology,SWAI
itslaurahey,Laura O'Driscoll,The Good You Can Do,https://thegoodyoucando.substack.com,Ethics & Society,SWAI
wifeoffire,Wife of Fire,Wife of Fire,https://wifeoffire.substack.com,Parenting & Relationships,SWAI
keshi0710,Keshi Jain,Keshi Jain,https://keshijain.substack.com,AI & Machine Learning,SWAI
cristinapatrick,Cristina,The Responsible AI Brief,https://cristinapatrick.substack.com,Ethics & Society,SWAI
decodedbycounsel,Aashita Jain,Decoded by Counsel,https://decodedbycounsel.substack.com,Law,SWAI
intellectronica,Eleanor Berger,Eleanor on Everything,https://everything.intellectronica.net,AI & Machine Learning,SWAI
rhorst,Now This Might be Something,Now This Might Be Something,https://rhorst.substack.com,AI & Machine Learning,SWAI
devikatoprani,Devika Toprani,Soulful Learning with AI,https://doodlesbydevika.substack.com,Education & Learning,SWAI
sunyalila,Ellen Davis,Living Eternity in Time,https://sunyalila.substack.com,AI & Machine Learning,SWAI
MyfriendMax010101,Erin Grace,My Friend Max,https://myfriendmax010101.substack.com,Parenting & Relationships,SWAI
tawnyameans,Tawnya Means,The Collaboration Chronicle: Human+AI in Education,https://tawnyameans.substack.com,AI & Machine Learning,SWAI
Myvillageisarobot,My Village Is A Robot,My village is a robot,https://Myvillageisarobot.substack.com,Parenting & Relationships,SWAI
ideatoimpactbysj,Shikshita Juyal,Ideas to Impact by SJ,https://shikshita.substack.com,AI & Machine Learning,SWAI
